Workbook

Sheet Sheet1
A3: Count of Attrition | B3: Column Labels | E3: Attrition Rate (%)
A4: Departments | B4: No | C4: Yes | D4: Grand Total
A5: Human Resources | B5: 51 | C5: 12 | D5: 63 | E5: =C5/D5 -> 0.19047619
A6: Research & Development | B6: 828 | C6: 133 | D6: 961 | E6: =C6/D6 -> 0.1383975
A7: Sales | B7: 354 | C7: 92 | D7: 446 | E7: =C7/D7 -> 0.20627803
A8: Grand Total | B8: 1233 | C8: 237 | D8: 1470
A14: Job Role | B14: Average of JobSatisfaction
A15: Healthcare Representative | B15: 2.7862595
A16: Human Resources | B16: 2.5576923
A17: Laboratory Technician | B17: 2.6911197
A18: Manager | B18: 2.7058824
A19: Manufacturing Director | B19: 2.6827586
A20: Research Director | B20: 2.7
A21: Research Scientist | B21: 2.7739726 | E21: Count of Attrition | F21: Column Labels
A22: Sales Executive | B22: 2.7546012 | E22: Gender | F22: No | G22: Yes | H22: Grand Total | I22: Attrition Rate(%)
A23: Sales Representative | B23: 2.7349398 | E23: Female | F23: 501 | G23: 87 | H23: 588 | I23: =GETPIVOTDATA("Attrition",$E$21,"Attrition","Yes","Gender","Female")/GETPIVOTDATA("Attrition",$E$21,"Gender","Female") -> 0.14795918
A24: Grand Total | B24: 2.7285714 | E24: Male | F24: 732 | G24: 150 | H24: 882 | I24: =GETPIVOTDATA("Attrition",$E$21,"Attrition","Yes","Gender","Male")/GETPIVOTDATA("Attrition",$E$21,"Gender","Male") -> 0.17006803
E25: Grand Total | F25: 1233 | G25: 237 | H25: 1470

Sheet Avg_Monthly_Income
A1: Attrition | B1: Yes
A3: Average of MonthlyIncome
A4: 4787.0928

Sheet Distance_vs_Attrition
A1: DistanceFromHome | B1: Attrition | C1: Attrition_Value
A2: 1 | B2: Yes | C2: =IF(B2="Yes",1,0) -> 1
A3: 8 | B3: No | C3: =IF(B3="Yes",1,0) -> 0
A4: 2 | B4: Yes | C4: =IF(B4="Yes",1,0) -> 1
A5: 3 | B5: No | C5: =IF(B5="Yes",1,0) -> 0
A6: 2 | B6: No | C6: =IF(B6="Yes",1,0) -> 0
A7: 2 | B7: No | C7: =IF(B7="Yes",1,0) -> 0
A8: 3 | B8: No | C8: =IF(B8="Yes",1,0) -> 0
A9: 24 | B9: No | C9: =IF(B9="Yes",1,0) -> 0
A10: 23 | B10: No | C10: =IF(B10="Yes",1,0) -> 0
A11: 27 | B11: No | C11: =IF(B11="Yes",1,0) -> 0
A12: 16 | B12: No | C12: =IF(B12="Yes",1,0) -> 0
A13: 15 | B13: No | C13: =IF(B13="Yes",1,0) -> 0
... A1471: 8 | B1471: No | C1471: =IF(B1471="Yes",1,0) -> 0

Sheet Performance_Rating
A1: Row Labels | B1: Count of PerformanceRating
A2: 3 | B2: 1244
A3: 4 | B3: 226
A4: Grand Total | B4: 1470

Sheet Correlation_Analysis
A1: Factor | B1: Correlation with Attrition
A2: Age | B2: =CORREL('WA_Fn-UseC_-HR-Employee-Attriti'!A2:A1471,'WA_Fn-UseC_-HR-Employee-Attriti'!AQ2:AQ1471) -> -0.15920501
A3: MonthlyIncome | B3: =CORREL('WA_Fn-UseC_-HR-Employee-Attriti'!S2:S1471,'WA_Fn-UseC_-HR-Employee-Attriti'!AQ2:AQ1471) -> -0.15983958
A4: YearsAtCompany | B4: =CORREL('WA_Fn-UseC_-HR-Employee-Attriti'!U2:U1471,'WA_Fn-UseC_-HR-Employee-Attriti'!AQ2:AQ1471) -> 0.043493739

Sheet Insights
A2: Questions | B2: Conclusion
A3: Top 3 Factors Contributing to Employee Attrition | B3: MonthlyIncome (-0.1598), Age (-0.1592), and YearsAtCompany (0.0435) are the top three factors analyzed. MonthlyIncome and Age have a weak negative correlation with attrition, while YearsAtCompany has a very weak positive correlation. Overall, the correlations are weak, indicating that employee attrition is influenced by multiple factors rather than a single factor.
A5: Job involvemen & Attrition Rate | B5: Attrition decreases as Job Involvement increases. Employees with Job Involvement level 1 have the highest attrition rate (33.73%), while employees with level 4 have the lowest attrition rate (9.03%). This suggests that higher job involvement is associated with better employee retention.
A7: Relationship b/w Age & Job satisfaction | B7: There is no strong relationship between employee age and job satisfaction. Job satisfaction remains similar across different age group.
A9: Marital Status Attrition | B9: Single employees have the highest attrition rate (25.53%), followed by married employees (12.48%), while divorced employees have the lowest attrition rate (10.09%). This indicates that single employees are more likely to leave the organization.
A11: Training_Attrition | B11: Employees with 0 training sessions have the highest attrition rate (27.78%). Employees who receive more training generally have lower attrition rates, suggesting that training may help improve employee retention.
A13: Relationship B/W Work-Life Balance & Performance Rating | B13: There is a slight positive relationship between work-life balance and performance rating. Employees with better work-life balance tend to have similar or slightly higher performance ratings.
A15: Stock Option Attrition | B15: Employees with Stock Option Level 0 have the highest attrition rate (24.41%). Employees with Stock Option Levels 1 and 2 have lower attrition rates, suggesting that providing stock options may help improve employee retention.
A17: Relationship b/w Years at Company & Job Satisfaction | B17: There is no strong relationship between years at the company and job satisfaction. Employees with different lengths of service show varying levels of job satisfaction.
A19: Business Travel JobSatisfaction | B19: The average job satisfaction is very similar across all business travel categories. Employees who travel frequently, travel rarely, or do not travel show only minor differences in job satisfaction.
A21: Relationship b/w Years Since Last Promotion & Performance Rating | B21: There is no strong relationship between years since the last promotion and performance rating. Employees generally maintain similar performance ratings regardless of the time since their last promotion.

Sheet OverTime
A1: Employees Working Overtime | B1: Count
A2: OverTime = Yes | B2: =COUNTIF('WA_Fn-UseC_-HR-Employee-Attriti'!W:W,"Yes") -> 416

Sheet Avg_YearsAtCompany
A1: Average years at company | B1: Average
B2: =AVERAGE('WA_Fn-UseC_-HR-Employee-Attriti'!AF:AF) -> 7.0081633

Sheet JobInvolvement_Attrition
A3: Count of Attrition | B3: Column Labels | F3: JobInvolvement | G3: No | H3: Yes | I3: Total | J3: Attrition Rate (%)
A4: Row Labels | B4: No | C4: Yes | D4: Grand Total | F4: 1 | G4: 55 | H4: 28 | I4: 83 | J4: =H4/I4 -> 0.3373494
A5: 1 | B5: 55 | C5: 28 | D5: 83 | F5: 2 | G5: 304 | H5: 71 | I5: 375 | J5: =H5/I5 -> 0.18933333
A6: 2 | B6: 304 | C6: 71 | D6: 375 | F6: 3 | G6: 743 | H6: 125 | I6: 868 | J6: =H6/I6 -> 0.14400922
A7: 3 | B7: 743 | C7: 125 | D7: 868 | F7: 4 | G7: 131 | H7: 13 | I7: 144 | J7: =H7/I7 -> 0.090277778
A8: 4 | B8: 131 | C8: 13 | D8: 144
A9: Grand Total | B9: 1233 | C9: 237 | D9: 1470

Sheet MaritalStatus_Attrition
A3: Count of Attrition | B3: Column Labels
A4: Row Labels | B4: No | C4: Yes | D4: Grand Total | E4: Marital Status | F4: Attrition Rate (%)
A5: Divorced | B5: 294 | C5: 33 | D5: 327 | E5: Divorced | F5: =GETPIVOTDATA("Attrition",$A$3,"Attrition","Yes","MaritalStatus","Divorced")/GETPIVOTDATA("Attrition",$A$3,"MaritalStatus","Divorced")*100 -> 10.091743
A6: Married | B6: 589 | C6: 84 | D6: 673 | E6: Married | F6: =GETPIVOTDATA("Attrition",$A$3,"Attrition","Yes","MaritalStatus","Married")/GETPIVOTDATA("Attrition",$A$3,"MaritalStatus","Married")*100 -> 12.481426
A7: Single | B7: 350 | C7: 120 | D7: 470 | E7: Single | F7: =GETPIVOTDATA("Attrition",$A$3,"Attrition","Yes","MaritalStatus","Single")/GETPIVOTDATA("Attrition",$A$3,"MaritalStatus","Single")*100 -> 25.531915
A8: Grand Total | B8: 1233 | C8: 237 | D8: 1470

Sheet Training_Attrition
A3: Count of Attrition | B3: Column Labels
A4: Row Labels | B4: No | C4: Yes | D4: Grand Total | F4: Training Times | G4: Attrition Rate (%)
A5: 0 | B5: 39 | C5: 15 | D5: 54 | F5: 0 | G5: =GETPIVOTDATA("Attrition",$A$3,"Attrition","Yes","TrainingTimesLastYear",0)/GETPIVOTDATA("Attrition",$A$3,"TrainingTimesLastYear",0)*100 -> 27.777778
A6: 1 | B6: 62 | C6: 9 | D6: 71 | F6: 1 | G6: =GETPIVOTDATA("Attrition",$A$3,"Attrition","Yes","TrainingTimesLastYear",1)/GETPIVOTDATA("Attrition",$A$3,"TrainingTimesLastYear",1)*100 -> 12.676056
A7: 2 | B7: 449 | C7: 98 | D7: 547 | F7: 2 | G7: =GETPIVOTDATA("Attrition",$A$3,"Attrition","Yes","TrainingTimesLastYear",2)/GETPIVOTDATA("Attrition",$A$3,"TrainingTimesLastYear",2)*100 -> 17.915905
A8: 3 | B8: 422 | C8: 69 | D8: 491 | F8: 3 | G8: =GETPIVOTDATA("Attrition",$A$3,"Attrition","Yes","TrainingTimesLastYear",3)/GETPIVOTDATA("Attrition",$A$3,"TrainingTimesLastYear",3)*100 -> 14.052953
A9: 4 | B9: 97 | C9: 26 | D9: 123 | F9: 4 | G9: =GETPIVOTDATA("Attrition",$A$3,"Attrition","Yes","TrainingTimesLastYear",4)/GETPIVOTDATA("Attrition",$A$3,"TrainingTimesLastYear",4)*100 -> 21.138211
A10: 5 | B10: 105 | C10: 14 | D10: 119 | F10: 5 | G10: =GETPIVOTDATA("Attrition",$A$3,"Attrition","Yes","TrainingTimesLastYear",5)/GETPIVOTDATA("Attrition",$A$3,"TrainingTimesLastYear",5)*100 -> 11.764706
A11: 6 | B11: 59 | C11: 6 | D11: 65 | F11: 6 | G11: =GETPIVOTDATA("Attrition",$A$3,"Attrition","Yes","TrainingTimesLastYear",6)/GETPIVOTDATA("Attrition",$A$3,"TrainingTimesLastYear",6)*100 -> 9.2307692
A12: Grand Total | B12: 1233 | C12: 237 | D12: 1470

Sheet StockOption_Attrition
A3: Count of Attrition | B3: Column Labels
A4: Row Labels | B4: No | C4: Yes | D4: Grand Total | F4: Stock Option Level | G4: Attritin Rate (%)
A5: 0 | B5: 477 | C5: 154 | D5: 631 | F5: 0 | G5: =GETPIVOTDATA("Attrition",$A$3,"Attrition","Yes","StockOptionLevel",0)/GETPIVOTDATA("Attrition",$A$3,"StockOptionLevel",0)*100 -> 24.405705
A6: 1 | B6: 540 | C6: 56 | D6: 596 | F6: 1 | G6: =GETPIVOTDATA("Attrition",$A$3,"Attrition","Yes","StockOptionLevel",1)/GETPIVOTDATA("Attrition",$A$3,"StockOptionLevel",1)*100 -> 9.3959732
A7: 2 | B7: 146 | C7: 12 | D7: 158 | F7: 2 | G7: =GETPIVOTDATA("Attrition",$A$3,"Attrition","Yes","StockOptionLevel",2)/GETPIVOTDATA("Attrition",$A$3,"StockOptionLevel",2)*100 -> 7.5949367
A8: 3 | B8: 70 | C8: 15 | D8: 85 | F8: 3 | G8: =GETPIVOTDATA("Attrition",$A$3,"Attrition","Yes","StockOptionLevel",3)/GETPIVOTDATA("Attrition",$A$3,"StockOptionLevel",3)*100 -> 17.647059
A9: Grand Total | B9: 1233 | C9: 237 | D9: 1470

Sheet BusinessTravel_JobSatisfaction
A3: Row Labels | B3: Average of JobSatisfaction
A4: Non-Travel | B4: 2.7933333
A5: Travel_Frequently | B5: 2.7906137
A6: Travel_Rarely | B6: 2.7027804
A7: Grand Total | B7: 2.7285714

Sheet WA_Fn-UseC_-HR-Employee-Attriti
A1: Age | B1: Attrition | C1: BusinessTravel | D1: DailyRate | E1: Department | F1: DistanceFromHome | G1: Education | H1: EducationField | I1: EmployeeCount | J1: EmployeeNumber | K1: EnvironmentSatisfaction | L1: Gender | M1: HourlyRate | N1: JobInvolvement | O1: JobLevel | P1: JobRole | Q1: JobSatisfaction | R1: MaritalStatus | S1: MonthlyIncome | T1: MonthlyRate | U1: NumCompaniesWorked | V1: Over18 | W1: OverTime | X1: PercentSalaryHike | Y1: PerformanceRating | Z1: RelationshipSatisfaction | AA1: StandardHours | AB1: StockOptionLevel | AC1: TotalWorkingYears | AD1: TrainingTimesLastYear | AE1: WorkLifeBalance | AF1: YearsAtCompany | AG1: YearsInCurrentRole | AH1: YearsSinceLastPromotion | AI1: YearsWithCurrManager | AL1: Employee Left | AM1: Total employees | AN1: Attrition rate(%) | AP1: Average Age (Attrition = Yes) | AQ1: Attrition_Value
A2: 41 | B2: Yes | C2: Travel_Rarely | D2: 1102 | E2: Sales | F2: 1 | G2: 2 | H2: Life Sciences | I2: 1 | J2: 1 | K2: 2 | L2: Female | M2: 94 | N2: 3 | O2: 2 | P2: Sales Executive | Q2: 4 | R2: Single | S2: 5993 | T2: 19479 | U2: 8 | V2: Y | W2: Yes | X2: 11 | Y2: 3 | Z2: 1 | AA2: 80 | AB2: 0 | AC2: 8 | AD2: 0 | AE2: 1 | AF2: 6 | AG2: 4 | AH2: 0 | AI2: 5 | AL2: =COUNTIF(B:B, "Yes") -> 237 | AM2: =COUNTA(B:B)-1 -> 1470 | AN2: =AL2/AM2*100 -> 16.122449 | AP2: =SUBTOTAL(1,A2:A1474) -> 36.92381 | AQ2: =IF(B2="Yes",1,0) -> 1
A3: 49 | B3: No | C3: Travel_Frequently | D3: 279 | E3: Research & Development | F3: 8 | G3: 1 | H3: Life Sciences | I3: 1 | J3: 2 | K3: 3 | L3: Male | M3: 61 | N3: 2 | O3: 2 | P3: Research Scientist | Q3: 2 | R3: Married | S3: 5130 | T3: 24907 | U3: 1 | V3: Y | W3: No | X3: 23 | Y3: 4 | Z3: 4 | AA3: 80 | AB3: 1 | AC3: 10 | AD3: 3 | AE3: 3 | AF3: 10 | AG3: 7 | AH3: 1 | AI3: 7 | AQ3: =IF(B3="Yes",1,0) -> 0
A4: 37 | B4: Yes | C4: Travel_Rarely | D4: 1373 | E4: Research & Development | F4: 2 | G4: 2 | H4: Other | I4: 1 | J4: 4 | K4: 4 | L4: Male | M4: 92 | N4: 2 | O4: 1 | P4: Laboratory Technician | Q4: 3 | R4: Single | S4: 2090 | T4: 2396 | U4: 6 | V4: Y | W4: Yes | X4: 15 | Y4: 3 | Z4: 2 | AA4: 80 | AB4: 0 | AC4: 7 | AD4: 3 | AE4: 3 | AF4: 0 | AG4: 0 | AH4: 0 | AI4: 0 | AQ4: =IF(B4="Yes",1,0) -> 1
A5: 33 | B5: No | C5: Travel_Frequently | D5: 1392 | E5: Research & Development | F5: 3 | G5: 4 | H5: Life Sciences | I5: 1 | J5: 5 | K5: 4 | L5: Female | M5: 56 | N5: 3 | O5: 1 | P5: Research Scientist | Q5: 3 | R5: Married | S5: 2909 | T5: 23159 | U5: 1 | V5: Y | W5: Yes | X5: 11 | Y5: 3 | Z5: 3 | AA5: 80 | AB5: 0 | AC5: 8 | AD5: 3 | AE5: 3 | AF5: 8 | AG5: 7 | AH5: 3 | AI5: 0 | AQ5: =IF(B5="Yes",1,0) -> 0
A6: 27 | B6: No | C6: Travel_Rarely | D6: 591 | E6: Research & Development | F6: 2 | G6: 1 | H6: Medical | I6: 1 | J6: 7 | K6: 1 | L6: Male | M6: 40 | N6: 3 | O6: 1 | P6: Laboratory Technician | Q6: 2 | R6: Married | S6: 3468 | T6: 16632 | U6: 9 | V6: Y | W6: No | X6: 12 | Y6: 3 | Z6: 4 | AA6: 80 | AB6: 1 | AC6: 6 | AD6: 3 | AE6: 3 | AF6: 2 | AG6: 2 | AH6: 2 | AI6: 2 | AQ6: =IF(B6="Yes",1,0) -> 0
A7: 32 | B7: No | C7: Travel_Frequently | D7: 1005 | E7: Research & Development | F7: 2 | G7: 2 | H7: Life Sciences | I7: 1 | J7: 8 | K7: 4 | L7: Male | M7: 79 | N7: 3 | O7: 1 | P7: Laboratory Technician | Q7: 4 | R7: Single | S7: 3068 | T7: 11864 | U7: 0 | V7: Y | W7: No | X7: 13 | Y7: 3 | Z7: 3 | AA7: 80 | AB7: 0 | AC7: 8 | AD7: 2 | AE7: 2 | AF7: 7 | AG7: 7 | AH7: 3 | AI7: 6 | AQ7: =IF(B7="Yes",1,0) -> 0
A8: 59 | B8: No | C8: Travel_Rarely | D8: 1324 | E8: Research & Development | F8: 3 | G8: 3 | H8: Medical | I8: 1 | J8: 10 | K8: 3 | L8: Female | M8: 81 | N8: 4 | O8: 1 | P8: Laboratory Technician | Q8: 1 | R8: Married | S8: 2670 | T8: 9964 | U8: 4 | V8: Y | W8: Yes | X8: 20 | Y8: 4 | Z8: 1 | AA8: 80 | AB8: 3 | AC8: 12 | AD8: 3 | AE8: 2 | AF8: 1 | AG8: 0 | AH8: 0 | AI8: 0 | AQ8: =IF(B8="Yes",1,0) -> 0
A9: 30 | B9: No | C9: Travel_Rarely | D9: 1358 | E9: Research & Development | F9: 24 | G9: 1 | H9: Life Sciences | I9: 1 | J9: 11 | K9: 4 | L9: Male | M9: 67 | N9: 3 | O9: 1 | P9: Laboratory Technician | Q9: 3 | R9: Divorced | S9: 2693 | T9: 13335 | U9: 1 | V9: Y | W9: No | X9: 22 | Y9: 4 | Z9: 2 | AA9: 80 | AB9: 1 | AC9: 1 | AD9: 2 | AE9: 3 | AF9: 1 | AG9: 0 | AH9: 0 | AI9: 0 | AQ9: =IF(B9="Yes",1,0) -> 0
A10: 38 | B10: No | C10: Travel_Frequently | D10: 216 | E10: Research & Development | F10: 23 | G10: 3 | H10: Life Sciences | I10: 1 | J10: 12 | K10: 4 | L10: Male | M10: 44 | N10: 2 | O10: 3 | P10: Manufacturing Director | Q10: 3 | R10: Single | S10: 9526 | T10: 8787 | U10: 0 | V10: Y | W10: No | X10: 21 | Y10: 4 | Z10: 2 | AA10: 80 | AB10: 0 | AC10: 10 | AD10: 2 | AE10: 3 | AF10: 9 | AG10: 7 | AH10: 1 | AI10: 8 | AQ10: =IF(B10="Yes",1,0) -> 0
A11: 36 | B11: No | C11: Travel_Rarely | D11: 1299 | E11: Research & Development | F11: 27 | G11: 3 | H11: Medical | I11: 1 | J11: 13 | K11: 3 | L11: Male | M11: 94 | N11: 3 | O11: 2 | P11: Healthcare Representative | Q11: 3 | R11: Married | S11: 5237 | T11: 16577 | U11: 6 | V11: Y | W11: No | X11: 13 | Y11: 3 | Z11: 2 | AA11: 80 | AB11: 2 | AC11: 17 | AD11: 3 | AE11: 2 | AF11: 7 | AG11: 7 | AH11: 7 | AI11: 7 | AQ11: =IF(B11="Yes",1,0) -> 0
A12: 35 | B12: No | C12: Travel_Rarely | D12: 809 | E12: Research & Development | F12: 16 | G12: 3 | H12: Medical | I12: 1 | J12: 14 | K12: 1 | L12: Male | M12: 84 | N12: 4 | O12: 1 | P12: Laboratory Technician | Q12: 2 | R12: Married | S12: 2426 | T12: 16479 | U12: 0 | V12: Y | W12: No | X12: 13 | Y12: 3 | Z12: 3 | AA12: 80 | AB12: 1 | AC12: 6 | AD12: 5 | AE12: 3 | AF12: 5 | AG12: 4 | AH12: 0 | AI12: 3 | AQ12: =IF(B12="Yes",1,0) -> 0
A13: 29 | B13: No | C13: Travel_Rarely | D13: 153 | E13: Research & Development | F13: 15 | G13: 2 | H13: Life Sciences | I13: 1 | J13: 15 | K13: 4 | L13: Female | M13: 49 | N13: 2 | O13: 2 | P13: Laboratory Technician | Q13: 3 | R13: Single | S13: 4193 | T13: 12682 | U13: 0 | V13: Y | W13: Yes | X13: 12 | Y13: 3 | Z13: 4 | AA13: 80 | AB13: 0 | AC13: 10 | AD13: 3 | AE13: 3 | AF13: 9 | AG13: 5 | AH13: 0 | AI13: 8 | AQ13: =IF(B13="Yes",1,0) -> 0
A14: 31 | B14: No | C14: Travel_Rarely | D14: 670 | E14: Research & Development | F14: 26 | G14: 1 | H14: Life Sciences | I14: 1 | J14: 16 | K14: 1 | L14: Male | M14: 31 | N14: 3 | O14: 1 | P14: Research Scientist | Q14: 3 | R14: Divorced | S14: 2911 | T14: 15170 | U14: 1 | V14: Y | W14: No | X14: 17 | Y14: 3 | Z14: 4 | AA14: 80 | AB14: 1 | AC14: 5 | AD14: 1 | AE14: 2 | AF14: 5 | AG14: 2 | AH14: 4 | AI14: 3 | AQ14: =IF(B14="Yes",1,0) -> 0
... A1471: 34 | B1471: No | C1471: Travel_Rarely | D1471: 628 | E1471: Research & Development | F1471: 8 | G1471: 3 | H1471: Medical | I1471: 1 | J1471: 2068 | K1471: 2 | L1471: Male | M1471: 82 | N1471: 4 | O1471: 2 | P1471: Laboratory Technician | Q1471: 3 | R1471: Married | S1471: 4404 | T1471: 10228 | U1471: 2 | V1471: Y | W1471: No | X1471: 12 | Y1471: 3 | Z1471: 1 | AA1471: 80 | AB1471: 0 | AC1471: 6 | AD1471: 3 | AE1471: 4 | AF1471: 4 | AG1471: 3 | AH1471: 1 | AI1471: 2 | AQ1471: =IF(B1471="Yes",1,0) -> 0
